1.224992625620267e-08,5.605987961187447e-09
3.332423642283595e-06,1.531196910368222e-06
1.6426957515653e-05,9.201460585997636e-06
4.08653089959464e-05,2.882059147670018e-05
6.53392051249577e-05,6.159664257000872e-05
6.611143108515546e-05,9.799519205804102e-05
2.824664714781905e-05,0.0001206959240898107
-2.130264186611445e-05,0.0001229853791171261
-5.980625411618513e-06,0.0001325150678307709
0.0001471855785939197,0.0002130893806264584
0.0004104778734878322,0.0004221918373610206
0.0006030893917464315,0.0007402959486177097
0.0004886205593143421,0.001037743059082108
3.602073104580224e-05,0.001157732444302277
-0.0003062672236948753,0.001133046884817662
0.0004175923146390633,0.001437162217929243
0.003267200569572084,0.00307568901605746
0.008653805104850264,0.007342739041007185
0.01563091870138799,0.01522835433300228
0.02173429721890038,0.02669360131457341
0.02366221560274218,0.04018468010439939
0.01862421416478053,0.05271580355812702
0.005753507598523322,0.06060670969772921
-0.01313677340483842,0.0606398162300705
-0.03387589062169503,0.05118529083899353
-0.05122092998262023,0.0328500788108725
-0.06053370757284146,0.008424255115837571
-0.05915544742437352,-0.01780707426493755
-0.04702204874162839,-0.04110206981198142
-0.0264654342230727,-0.05731310644982829
-0.001462875541359093,-0.06369900915181305
0.02331342175943567,-0.05938335869779347
0.04339347536986917,-0.04544793912153752
0.05524854206464138,-0.02469730656396202
0.05684622853849169,-0.001145838267078577
0.04798838519411356,0.02070101227457109
0.03036753147145028,0.03666297033880119
0.007290732087282715,0.04365624498363092
-0.01691010569334235,0.04027189616802886
-0.03767591208007837,0.02704684268589203
-0.05106596688658043,0.006374965121855243
-0.05448972637053607,-0.01792556698786368
-0.04718554579581444,-0.04130720294413209
-0.03036408374773339,-0.05932285590678824
-0.006995541077612751,-0.06844115032826981
0.01872481730522809,-0.06669838698337802
0.04213619243312279,-0.05406794827185239
0.05895901171787958,-0.03247904148102999
0.06607497784811413,-0.005480334282974782
0.06209832873190733,0.02239138716286169
0.04763395711238341,0.04642365491405009
0.02517479691051549,0.06257482928754429
-0.001343622404470114,0.06820118902066846
-0.02725121697505938,0.0625325177920282
-0.04798590579806195,0.04680954280195715
-0.05991796604076279,0.02405782818065259
-0.06100654177633322,-0.001461324596253136
-0.0511689266258052,-0.02502374023373924
-0.03229523757121417,-0.04229903421507498
-0.007905408673632777,-0.0501357501109814
0.01748961098344348,-0.0471324691001981
0.03920677830946966,-0.03389111581693317
0.05324148575664805,-0.01290629746003484
0.0569953107401978,0.01188943766308595
0.04974877108432986,0.03584204692015287
0.03279309232197468,0.05442420018313279
0.009196868759237533,0.06406130333942248
-0.01675020937731176,0.06278534023132074
-0.04031573363335993,0.05059771671912382
-0.05718386793885918,0.02947505404364059
-0.0642396252843434,0.003016648015868628
-0.06013577329616052,-0.0242026699130912
-0.0455394222150791,-0.04745706471979486
-0.02301344686642557,-0.06272220376579392
0.003445863360551119,-0.06740120487815275
0.02913116464282157,-0.06079241402447524
0.04947548859807677,-0.04421419576712358
0.06087837157407051,-0.02076410518291791
0.06135688317156572,0.005243893605133122
0.05090349703475315,0.02906211502014802
0.03148590716114276,0.04636982124808735
0.006688828684216962,0.05405581077858799
-0.01893724516353407,0.0507810315207678
-0.04070220702086425,0.03721922818437651
-0.05462756983947493,0.01593203777753235
-0.05816837359290205,-0.009098742300496239
-0.05067482411469384,-0.03319679982639189
-0.03350993364713863,-0.05184316596939989
-0.009801831371196215,-0.06149968708278027
0.01612431829850778,-0.06025465627629491
0.03953173215588823,-0.04817340703176216
0.05613227460565821,-0.0272901876965028
0.06286550663825825,-0.001242705904474218
0.05845517643383032,0.02538444699902899
0.04364217556093779,0.04788846751473636
0.02105166687236029,0.06229885685079634
-0.005281554393174361,0.066095557700383
-0.03064341212336032,0.05866448437858747
-0.05049417418895441,0.04140783966297849
-0.06129054782547399,0.01748921554852987
-0.06112715753254268,-0.008740292156927109
-0.05008107441833225,-0.03253087736899726
-0.03019692358716489,-0.04959467658839849
-0.005115285700516516,-0.05688220751040059
0.02058819418306171,-0.05313380349844683
0.04223310811582145,-0.03910607387960041
0.05588339043213728,-0.01743237175634013
0.05906121355260381,0.007857358494164661
0.05119619087387402,0.03207019509936073
0.033728419140076,0.05070417955545069
0.009846685538763835,0.06026762435392213
-0.01609065541607681,0.05891511223277637
-0.03934706766382714,0.04678476496347098
-0.05566791056128543,0.02597555068352644
-0.06205317440486222,0.0001686974735671711
-0.05730268386634624,-0.02603815734288679
-0.04223485027350032,-0.04796333878580052
-0.01953926864031334,-0.06168907032764982
0.006710127226083998,-0.06477118662958851
0.03179306575774837,-0.05668189873474277
0.05119825013098892,-0.03890530045672271
0.06144085620996463,-0.01466828542587786
0.0606939463204233,0.01164433102442271
0.04911927986539077,0.03528441635951698
0.02883752470292035,0.0520007473325149
0.003543278631659711,0.05880885651135567
-0.0221652654693336,0.05453089540988706
-0.04362042008761798,0.04000763078341947
-0.05693157624402188,0.01794416452589221
-0.05969069707562503,-0.007582592564898683
-0.05140877254253925,-0.03186530855621008
-0.03360407907661509,-0.0504219552232729
-0.009526248803670171,-0.0598106079318523
0.01643378523121479,-0.0582554847277989
0.03954092153849142,-0.04597063164489482
0.05557549166666248,-0.02512250933146727
0.06159939048843895,0.0005617595464095485
0.05648974986263476,0.02646944395888254
0.04114333587649902,0.04793812760040269
0.01831457794571923,0.06110088394278369
-0.007883405498839617,0.06358740168594341
-0.03272428969986914,0.05495388230171244
-0.05172532385738272,0.03676372364042035
-0.06146000805272071,0.01230434202740316
-0.06017926358397854,-0.01400851888843616
-0.04812842846336923,-0.0374309618986186
-0.02750258156416634,-0.0537504745583604
-0.002048299896285855,-0.06004894875069301
0.0236159155242969,-0.05523080772139981
0.04483728138569892,-0.04022047510988348
0.05777250775530147,-0.01779339885274791
0.0600846632405494,0.007928688167945652
0.05136673467830761,0.03222668594962198
0.03321506234089569,0.05064134914473993
0.008939341451808271,0.05978329531407457
-0.01703819553903388,0.05794884897081551
-0.03998542180887601,0.04542999324453296
-0.05571918102801766,0.02446219016390918
-0.0613645732440614,-0.001180478853200266
-0.05587692381090394,-0.02686942436882602
-0.04023174484879565,-0.04796082683857897
-0.01724822224993675,-0.06063784613944088
0.008921763089075748,-0.06260299206059025
0.03354640132467068,-0.05349506054257509
0.05217196947802303,-0.03495499779154473
0.06143046676042282,-0.01032873198824727
0.05965037606344213,0.01593914021388204
0.04715976745843223,0.0391108518257547
0.0262267638192401,0.05501405950262055
0.000648165769602645,0.06079781477013253
-0.02493914815970801,0.05544880923949863
-0.04589914599126523,0.03997427441986515
-0.05843736231669395,0.01721838163658076
-0.06028892287548179,-0.008654534155480379
-0.05112908081161879,-0.03291616962112948
-0.03263180571632511,-0.05113268398353238
-0.008165806393884086,-0.0599696398860329
0.0178168659077934,-0.05779743328536909
0.0405887244855398,-0.04498738320237585
0.05600471044999602,-0.02384476586184959
0.06125439720663388,0.001809065044314564
0.05537208701659066,0.02732967539326429
0.03941226699517662,0.04809196227468662
0.01625859294901602,0.06032917265916091
-0.009898955490703918,0.06181633443600052
-0.03432391379657354,0.0522741247843083
-0.05259234163879688,0.03341990846270815
-0.06139518874027165,0.008656676449027583
-0.05913847745573519,-0.01754370505937454
-0.0462324348275633,-0.04045107750851532
-0.02501712705822605,-0.05593438860205953
0.0006619170678493786,-0.06121039898957236
0.0261511199062513,-0.055347904840392
0.04683280666553605,-0.03943603049494472
0.05896261617278976,-0.01638607872251719
0.06034847870506844,0.009597106213951339
0.05074800728174374,0.03377836196495882
0.03191222578841087,0.05175156731524629
0.007267708059385573,0.06023925026368063
-0.01870520966990936,0.05768739806215276
-0.04128535171896824,0.04454757240242606
-0.05636730053141722,0.02319515438935099
-0.06120628640078705,-0.002501451958381818
-0.05491625003677485,-0.0278825146615013
-0.03863073106703219,-0.04834228428778083
-0.01529739600067728,-0.06016458511338865
0.01085652623077713,-0.06119711350341435
0.03509093845701716,-0.05124212552858995
0.05301262987670123,-0.03209263867221929
0.06137214086923901,-0.007207571544987649
0.05865319458740402,0.01891526233033387
0.04534777736744402,0.04155458494141936
0.02386696927739748,0.05662160867321061
-0.001896303438719423,0.06140126506808607
-0.02727328512834638,0.05504426656926018
-0.04766611637204423,0.03872075596848919
-0.05938168538807428,0.01540768182523793
-0.06030135753826123,-0.01065152468327123
-0.05026510532016326,-0.03471695614583895
-0.03110036590948408,-0.05241224236256522
-0.0062903958203969,-0.06051856967578927
0.01965771659064467,-0.05755867698757459
0.04203074148437078,-0.04406489660081665
0.0567643773071799,-0.02248262023800702
0.0611805966936344,0.003273298160212578
0.05447351952240462,0.0285287364999794
0.03785567910341158,0.04869827018497856
0.01433814902112846,0.06011709279799343
-0.01181558757506038,0.06070598479154313
-0.03586296430327205,0.05034870576674513
-0.05344258021380447,0.03091334866068785
-0.06136533022279704,0.005913775290820445
-0.05819291359055264,-0.02012746209906435
-0.04449878363292108,-0.04249916141647686
-0.02276420322622523,-0.05715573401306376
0.003071741764144834,-0.06145074331820274
0.02832655094130231,-0.05461666911211675
0.04842355642660442,-0.0379038790637656
0.05972196704863518,-0.01435360457039077
0.06017715145095436,0.01175389519701145
0.04971139470260522,0.03567588065562328
0.03022787989176598,0.05306753088870221
0.005265361176243284,0.06077012589669829
-0.02064383074242869,0.05738404378010123
-0.04279599770610115,0.04352263779081532
-0.05716935604782739,0.02170094402536107
-0.0611536137448394,-0.004120590858352246
-0.05402350418922951,-0.02925459612558831
-0.03707038186585806,-0.04913714839558068
-0.01336800948481842,-0.06015577571159657
0.01278497978672161,-0.06030489871245417
0.03664481333836467,-0.04954981410960575
0.0538830679235643,-0.02983319277409947
0.061371831904482,-0.004722908673652725
0.05775111973013721,0.02123492632272263
0.04367561430514132,0.04334037410361297
0.02169597917772589,0.05759199361395519
-0.004203732575293518,0.06141247772540322
-0.02932866563648568,0.05411598470569216
-0.04912467832775732,0.03703239860334326
-0.06000433325047643,0.01326598167908207
-0.05999753881856647,-0.0128678012648778
-0.0491088241742727,-0.03662513130481045
-0.02931644339834481,-0.05369435559955024
-0.004213473076162918,-0.06097809023998997
0.02164399435886563,-0.05715504129868208
0.04356332962709109,-0.04291963697439559
0.05756660262467455,-0.02085600586978575
0.06111216973246714,0.005030837399592352
0.05355572381409721,0.03004155875017687
0.03626717722448087,0.04963502900714858
0.01238217658692381,0.06025216413530743
-0.01376667779972585,0.05996164216419742
-0.0374357367065702,0.048810367205024
-0.05433077546781095,0.02881510664730258
-0.06138595466855155,0.003596815018312559
-0.05731997186680449,-0.02227602906877103
-0.04286852321397282,-0.04411596433774062
-0.02065090764650899,-0.05796668093152507
0.005305031137942706,-0.06132054442566422
0.03029345588382581,-0.05357336069820426
0.04978406740392249,-0.03613389384055071
0.06024379650731244,-0.0121682729313241
0.0597776114162698,0.01397434973146101
0.04847220626501312,0.03755070924794884
0.0283802303250444,0.05428380785984539
0.003147919502813249,0.06113870079312345
-0.0226463255130577,0.0568729699943539
-0.04432243908058407,0.0422620371059142
-0.05794762428593748,0.01995844800283674
-0.06104973283008642,-0.005989344901763392
-0.05306569164844579,-0.03087141272489568
-0.03544363663232633,-0.05017077254435545
-0.01138022778597874,-0.06038281676148079
0.01475920553808588,-0.05965111129350541
0.03823250934003392,-0.04810423322979088
0.05478090681632165,-0.02783254688332477
0.0614015252062744,-0.002509128593530884
0.05689211872718364,0.02327640160513059
0.0420691798073063,0.04485030751599559
0.01961987464214602,0.05830243170254213
-0.00638534058275089,0.06119539636986335
-0.03123101757050513,0.0530066698034778
-0.0504120095082004,0.03522331296296557
-0.06045062017408111,0.01107222059053789
-0.05952738727692593,-0.0150652117502933
-0.04781108340142257,-0.03844782185779255
-0.0274280765180473,-0.0548346606104762
-0.002076608194894895,-0.06125422696289774
0.02364404436526724,-0.05654342831384924
0.04506783945870364,-0.04155850588487612
0.058308347287689,-0.01901966693055525
0.06096370809858689,0.0069823926316282
0.05255230037650144,0.03172856205727421
0.03460009382688643,0.05072738019170162
0.01036384260262152,0.06052980790995052
-0.01575967101921157,0.05935491597388633
-0.03903118516439723,0.04741299367563968
-0.05522863180689001,0.02686746835034427
-0.06141299901053165,0.00144254179352451
-0.05646146215812076,-0.02425228708281164
-0.04127107924476486,-0.04555829005124194
-0.01859610144574326,-0.05861251494368384
0.007451591569907227,-0.06104845432494595
0.03214831653392516,-0.05242528409498665
0.05101538764084439,-0.0343078129219162
0.06063147979887597,-0.00998264048566562
0.05925320056517663,0.0161379898908224
0.04713130606600033,0.03931650996495423
0.02646520302547196,0.05534934808587726
0.001003989947135036,0.06132938261250395
-0.02463359560224309,0.05617322731738054
-0.04579696933675333,0.04081770590647264
-0.05864726576685759,0.01804987839488273
-0.06085366331769645,-0.00799854812469644
-0.05201616337698085,-0.0326007147057946
-0.03373813597620658,-0.05129206023547993
-0.009335473426938853,-0.06068019231263482
0.01676489131514871,-0.05906027638656396
0.03982799885560083,-0.04672431719961083
0.05566975156892952,-0.02590823131825711
0.06141588228418576,-0.0003863104514315656
0.056023334244635,0.02521336509914824
0.04046947918034293,0.04624838672834143
0.0175748509381473,0.05890408285067387
-0.008508451529412339,0.06088544787389145
-0.03304989400228025,0.05183342640508615
-0.05159856034846009,0.03339004311638924
-0.06079048804274309,0.008900564172919651
-0.0589588441103681,-0.01719328543813467
-0.04643626232407918,-0.04015898532235394
-0.02549450105741114,-0.05583162575768036
6.76327355010852e-05,-0.06136935149189914
0.0256133472654475,-0.05576881462536042
0.04650892869713387,-0.04004713975932934
0.05896424336343202,-0.01705739569976128
0.0607202215175334,0.009028954023587428
0.05145862067983718,0.03347874311925848
0.03285974216377168,0.05185568043429126
0.008297631896539846,0.06082507628523134
-0.01777194688198313,0.0587587478701153
-0.04061975357151607,0.04603037985015601
-0.05610091647512263,0.02494776437509288
-0.06140678098445307,-0.000665788920386718
-0.05557438221399545,-0.02616494553160947
-0.03966112894099588,-0.04692494941494838
-0.01655301279208538,-0.05918049795598733
0.009558868782515419,-0.06070872567669878
0.03393852286834558,-0.05123241067921409
0.05216411098841781,-0.03247026631219246
0.06093001628943665,-0.007825195399671815
0.05864644176539786,0.01823294601172954
0.04572777891955792,0.04097811581296191
0.02451743991520859,0.05628531995594335
-0.0011372121665833,0.06137882102876541
-0.02658273194740587,0.05533560485725798
-0.0472036734923365,0.0392527822776708
-0.05925977796022557,0.01604856176432447
-0.06056441049434153,-0.01006710511789707
-0.05088118538587576,-0.03435618570104535
-0.03196683617358742,-0.05241201509813172
-0.007252554714899407,-0.06095863677652873
0.01877839889329854,-0.0584450426699502
0.04140392046646209,-0.04532652375599798
0.05651960963614278,-0.02398209688615283
0.06138327273045837,0.001717014425020014
0.05511233562865223,0.02710957241788092
0.03884394107292317,0.04758982060173413
0.01552869034720215,0.05944291854424794
-0.01060455777826393,0.06051877695502669
-0.03481575124296848,0.05062206646544591
-0.05271343493556939,0.03154765648486466
-0.06105131034557187,0.006755055629336391
-0.0583170773151903,-0.01925909359552867
-0.04500674834093256,-0.04177664350199249
-0.0235346777391446,-0.05671374742860829
0.002204374635690472,-0.06136160980804598
0.02754170827023287,-0.05487781640170492
0.04788153044503302,-0.03843912307496846
0.05953457918646186,-0.01502798924777753
0.0603873106217933,0.01110842309546035
0.05028526749902714,0.03522865276197654
0.03106109009915617,0.05295700191537884
0.006202088815348608,0.06107725151800124
-0.01978232269449261,0.05811605801870733
-0.04217859281910794,0.0446102092593868
-0.05692402552850859,0.0230092621565387
-0.06134371537995725,-0.002768777415766159
-0.05463575180146063,-0.02804813765710579
-0.03801668171566016,-0.04824341648932448
-0.01450084506179084,-0.05969132705572214
0.01164639069529323,-0.06031518325875613
0.03568231974915847,-0.05000159464263452
0.05324717197532113,-0.03062104202065329
0.06115492736353016,-0.005688601418656334
0.05797122563045979,0.02027364289384808
0.04427354440722979,0.04255684513987047
0.02254645243745494,0.05711952088542874
-0.00326906233129501,0.06132061758913666
-0.02849044280477572,0.05439856201312806
-0.0485429249308463,0.03760939070694595
-0.05978934695977743,0.0139989084173485
-0.0601898874135058,-0.01214979735270255
-0.0496720625059679,-0.03609327054103782
-0.03014386957333674,-0.05348810545513574
-0.005147692542577714,-0.06117879958222553
0.02078225263930363,-0.05777013217669005
0.04294238004024023,-0.04388024525929772
0.05731291739840935,-0.02202852084162359
0.06128705299229425,0.003821407745093417
0.0541437862677949,0.02898061754533378
0.03717871215494938,0.04888541871189199
0.01346901616446739,0.05992516250575346
-0.01268469240718736,0.06009717897697892
-0.03653846373501701,0.04937004553402881
-0.05376550848599445,0.02968929322839399
-0.0612410309744554,0.004624515517209681
-0.05760903414726579,-0.0212781100122017
-0.04352828404404591,-0.04332044155847872
-0.02155281838320246,-0.05750455767798333
0.004331326324760991,-0.06125792958929347
0.02942913648588523,-0.05390004293478418
0.0491882436694218,-0.03676582899383944
0.06002467235992627,-0.01296351639468347
0.05997293153894363,0.01318917346343295
0.04904253055829767,0.03694821910087565
0.02921625123732598,0.05400381696657996
0.004090489676106205,0.0612621360149437
-0.02177709402915521,0.05740650696303182
-0.04369428879397395,0.04313625253818745
-0.05768545138896235,0.02103983750211426
-0.06121264728324716,-0.004874652286196828
-0.05363600627047225,-0.02990653566417024
-0.03632978929891619,-0.04951519208560156
-0.01243311321632706,-0.06014368496896895
0.01371945073085035,-0.05986395595916621
0.03738412134161832,-0.04872655869249955
0.05426837856219821,-0.02875149400006737
0.06130958103501744,-0.00356180881483354
0.05723049722976994,0.02227358013598576
0.04277098275824689,0.04406863327667229
0.02055378006329001,0.05787018011889354
-0.005391217071522888,0.06117497691917614
-0.03035794094504998,0.0533837636253018
-0.04981777791269703,0.03590995916288882
-0.06024100804147929,0.01192327898474269
-0.05973705619016429,-0.01422522004029966
-0.04839741991326485,-0.03779237668911309
-0.02827907080709714,-0.05450328526553985
-0.003031340158094245,-0.06132671827354685
0.02276603214294373,-0.05702495856605232
0.04443361458934952,-0.04237830736059266
0.05804108380712789,-0.02004354482186669
0.06112014390910671,0.005927983013270079
0.05311224954686979,0.03082523706526345
0.03546992051231735,0.05013201970756066
0.01139327050936041,0.06034616749482736
-0.01475045905654956,0.05961480930005894
-0.03821906994155664,0.0480704607871173
-0.05475559130015528,0.02780699121049012
-0.06136044911800893,0.002499821815993776
-0.05683555759642473,-0.02326075232517053
-0.04200164014202635,-0.04480218889241786
-0.01954936024265437,-0.0582172438845252
0.00644873454867763,-0.061072700611259
0.03127692745190151,-0.05285072636081045
0.05043171123975276,-0.03504279944568413
0.06043867449590954,-0.01087916931015908
0.05948272101548076,0.01525707725177943
0.04773730736741583,0.03862506167611818
0.02733297849953424,0.05498605829790239
0.001970908713889897,0.06137235341700099
-0.02374845246105194,0.05662555602600561
-0.04515985307568489,0.0416067164611142
-0.058379465849336,0.01904013975387871
-0.06100937305638045,-0.006980775694453319
-0.05257252323345885,-0.03173603852142341
-0.03459926324621398,-0.05073522226015377
-0.01034974973556781,-0.060531982769473
0.01577740847338475,-0.05934919048543813
0.03904301108896795,-0.04740128517365735
0.05522690683969767,-0.02685538144035815
0.06139348418535803,-0.001438179984345875
0.05642416046055227,0.02424001340029035
0.04122028163212405,0.0455215454486691
0.01853962881570637,0.05854626159482344
-0.007503812516014981,0.06095169472828108
-0.0321860841795968,0.0523015898685615
-0.05103012942174086,0.03416503501946039
-0.06061788183678309,0.009831844732917816
-0.05921026489829361,-0.01628417725495428
-0.04706264088603789,-0.03944585458634719
-0.02637849018678511,-0.05545191083025808
-0.0009097230586447236,-0.06139903524761342
0.0247238769889934,-0.05620851127376963
0.04587263255096363,-0.04082188301236992
0.05870037398272787,-0.01803016797975639
0.06088027937931687,0.008032404893438122
0.05201693500059011,0.03263830148864205
0.03371805893197573,0.05132420799795077
0.009302878088540537,0.0607006297615144
-0.0167999441570139,0.05906671089060169
-0.03985562026640556,0.04671875297613313
-0.05568207853591478,0.02589647087164415
-0.06140854646303541,0.0003767341357551456
-0.05599627861060524,-0.02521151497224491
-0.0404269745252553,-0.04622690047537183
-0.01752470971201537,-0.05885750719591453
0.008556320548308531,-0.06081232022697704
0.03308532680063075,-0.0517367896984796
0.05161303902252797,-0.03327714187227751
0.06077875568414166,-0.008781771228331655
0.05891993826586752,0.01730612220201709
0.0463737773642461,0.04025448121792659
0.0254160295509347,0.05590073520319644
-0.0001517806736573441,0.06140684495789041
-0.02569191670794315,0.05577409162844175
-0.04657166545518626,0.04002423259336482
-0.05900366162918114,0.01701416460518141
-0.06073287498295579,-0.009082287672493347
-0.05144564838017225,-0.03353145972449219
-0.03282659161434289,-0.05189848418984782
-0.008253011057353163,-0.06085172927861733
0.01781769768300319,-0.05876712210606953
0.04065657371226263,-0.04602273917302449
0.05612087385778522,-0.02493022842731356
0.06140552212558482,0.0006844978160066591
0.05555192075535553,0.02617524132596774
0.03962183001643155,0.04691828757669648
0.01650477681088192,0.05915109721682222
-0.009606073922030394,0.06065478979488576
-0.03397451372784383,0.05115662454683426
-0.05218038743986753,0.03237947256513351
-0.06092136136358602,0.007729306626781617
-0.05861193073564012,-0.01832260534785626
-0.04567101296097333,-0.04105073976334307
-0.02444596031616335,-0.05633247593351898
0.001213224601488655,-0.06139589446230491
0.02665223794645342,-0.05532257286644692
0.04725671521918615,-0.0392141767488097
0.05928922723282225,-0.01599262869802251
0.06056720940185421,0.01012989785516721
0.05085885528573602,0.03441502239763389
0.03192516356804855,0.05245764938004302
0.007200511608611551,0.06098500592957321
-0.01883030390676692,0.05845028837569594
-0.04144556109426079,0.04531323648652737
-0.05654308269614196,0.02395674225685788
-0.0613843271909246,-0.001745380496278034
-0.05509113106790251,-0.02713106379958575
-0.03880499855955096,-0.0475956341108476
-0.01548004538249228,-0.05942705028546639
0.01065284574436941,-0.06047922775184665
0.03485346139262514,-0.05056131514050869
0.05273208085502161,-0.03147231277501487
0.06104572400823197,-0.006674753597053256
0.05828639282426536,0.01933336271693896
0.04495460585791034,0.04183445807082962
0.02346860950130562,0.05674709335402344
-0.002274265893628962,0.0613662970285939
-0.02760453975060779,0.05485421727977981
-0.04792757469816913,0.03839209872843376
-0.05955699420944009,0.01496601678111664
-0.06038335147205641,-0.01117476488653019
-0.05025676016100452,-0.0352885655802186
-0.03101408201789636,-0.05300137795453971
-0.006145739707812042,-0.06110026635607085
0.01983740848144287,-0.05811615921682923
0.0422222899812057,-0.04459032322540436
0.05694851878009509,-0.02297618372357007
0.06134490594809319,0.002805699954643864
0.05461398476439361,0.02807878152465103
0.03797666280419303,0.04825880276138413
0.01445076264928376,0.05968532852688724
-0.01169637845151766,0.0602857103152963
-0.03572195744933063,0.04995104247558504
-0.05326799876424079,0.03055591669731613
-0.06115184402468437,0.005618391502052283
-0.05794345195323349,-0.02033814539501137
-0.04422479241748647,-0.04260547056687351
-0.02248428335865863,-0.05714454552839903
0.003334581398815729,-0.06131815442283914
0.02854853940417527,-0.0543692661654074
0.04858405287332074,-0.03755835131308177
0.05980689908625005,-0.01393474586919508
0.0601813791286245,0.01221646582434026
0.04963957161486388,0.03615171961212094
0.03009365274796696,0.0535294033204311
0.005089047993762108,0.06119737875473907
-0.02083867007573381,0.05776474588490987
-0.04298648596092447,0.04385413734817693
-0.05733701775392929,0.02198877976086316
-0.06128722710199515,-0.003865192301515588
-0.05412058247254602,-0.02901815034179099
-0.03713703038581749,-0.04890762003747868
-0.01341719923070574,-0.05992586499096384
0.01273639344999434,-0.0600742913514393
0.03657977122631861,-0.04932597135419667
0.05378800495579066,-0.02963052790680381
0.06123970831417327,-0.004560494205272854
0.05758322364214532,0.02133670506903157
0.04348179809274635,0.04336360734662973
0.02149327776613542,0.05752478100931788
-0.004393857981346745,0.06125155336800553
-0.02948396367603881,0.05386793993605566
-0.049225967168472,0.03671326045270477
-0.06003888501832916,0.01289920043682755
-0.05996137422528246,-0.01325461530540736
-0.04900749862002328,-0.03700415632692259
-0.02916417772646026,-0.05404150277084563
-0.004030780846733514,-0.06127625580606956
0.02183375987685845,-0.05739610282718226
0.04373789076145997,-0.04310485692682559
0.05770843399677106,-0.02099479284283872
0.0612112794039637,0.004923563735704546
0.05361104481523235,0.02994890234710515
0.0362863276300204,0.04954189488873361
0.01237964215555802,0.06014858092608732
-0.01377259859600866,0.05984501794899427
-0.03742666149160691,0.04868626395777593
-0.05429195535891669,0.02869639069271188
-0.06130929801120522,0.003501338994989989
-0.05720581895852143,-0.0223287876221612
-0.04272584442900838,-0.04410869033427142
-0.0204958846430861,-0.05788773755191606
0.005451786806372521,-0.06116656674435014
0.03041054389994989,-0.05335044169202148
0.04985313939701053,-0.03585713104926123
0.06025289865623897,-0.01185974021159934
0.05972342035843661,0.01428885597931413
0.04836074931191538,0.0378455779818198
0.02822595488066644,0.05453748520773413
0.00297127512263385,0.06133684150864909
-0.02282235993326994,0.05701031396219529
-0.04447625972710905,0.04234268621285346
-0.05806263730929049,0.01999450717685178
-0.06111706764694618,-0.00598050389627684
-0.05308550783067058,-0.03087075847986263
-0.03542479452969663,-0.05016143024975917
-0.01133838953892323,-0.06035339603918322
0.01480469367077651,-0.05959793919686256
0.03826238193342416,-0.04803208699212441
0.05477970338961682,-0.02775375547005508
0.06136059356684948,-0.00244121020901227
0.05681134922725208,0.02331413130268585
0.04195715330696921,0.044840533211071
0.01949239565420728,0.05823334372974111
-0.006508060229053092,0.06106325679017791
-0.03132801349345488,0.05281696187660139
-0.0504653939325316,0.034990252913656
-0.06044888897808131,0.01081670725969113
-0.05946760236005379,-0.01531885048404019
-0.04769953113275009,-0.03867570849881641
-0.02727927887371722,-0.0550171818649233
-0.00191086153449813,-0.06137910160914416
0.02380416120709192,-0.05660748304654024
0.04520135935552933,-0.04156784617030122
0.05839950999927908,-0.01898821962602324
0.06100460937653695,0.007035694340289832
0.05254411939799441,0.03178343621003019
0.03455268098389915,0.05076602977323195
0.01029374673904779,0.06054023414158449
-0.01583237419952802,0.05933311064541405
-0.03908668485271679,0.04736361490384969
-0.05525110342285997,0.02680288072786807
-0.06139357791962983,0.001380399926130276
-0.05639992883479319,-0.02429246724689733
-0.04117594933189703,-0.04555894308381023
-0.0184831041522977,-0.05856152165863918
0.007562370314383612,-0.06094167877478547
0.03223610694373028,-0.05226768277948943
0.051062557154435,-0.03411290597201942
0.06062680718185948,-0.009770431760691107
0.05919400661935299,0.01634427524238616
0.04702405156200772,0.03949428697669962
0.02632444222048696,0.05548043968364733
0.0008498661267592708,0.0614030169917802
-0.02477886177364398,0.05618772722895204
-0.0459129652100702,0.04078056834231935
-0.05871894455406707,0.01797623402924195
-0.06087393237967647,-0.008088813640059303
-0.05198703660685535,-0.03268665394018407
-0.03367024411960912,-0.05135550144520626
-0.009246023706199357,-0.06070902591168271
0.01685533400086687,-0.05905059617801292
0.03989932354054361,-0.04668103085058234
0.05570601293646474,-0.02584403311507999
0.06140823835634321,-0.0003192072089822527
0.05597167677156509,0.02526352101759925
0.04038246103713345,0.04626372272750143
0.01746830603647055,0.05887218985591539
-0.008614408318681863,0.06080188438008707
-0.03313455961418153,0.05170278234419839
-0.05164445755937452,0.03322536440188281
-0.06078660707894152,0.008721236376255414
-0.05890272173522807,-0.01736481595615008
-0.04633451900582872,-0.04030106314281755
-0.02536173639309286,-0.05592711681659843
0.0002113884238800803,-0.06140857932928933
0.02574616534760425,-0.05575117294195969
0.04661086029911446,-0.03998109107472106
0.05902084190474727,-0.01695885784240584
0.06072507287209099,0.009139540247430251
0.05141442391300265,0.03358013331139182
0.03277774646566334,0.05192965928530992
0.008195533227943613,0.06085970996167869
-0.01787326681772502,0.05875046843778395
-0.04070005373719523,0.04598452650256343
-0.05614429375827264,0.02487748665156245
-0.06140456751801081,-0.0007420632239466634
-0.05552671737994209,-0.02622701440686951
-0.03957692137020799,-0.04695467279042136
-0.01644829998414091,-0.05916526577146398
0.009663864694693965,-0.06064392448186397
0.03402310796349613,-0.05112243712646455
0.05221092616842515,-0.03232789969932097
0.06092824566392039,-0.00766943936237996
0.05859383922607233,0.01838016450827691
0.04563114362789158,0.04109579432648655
0.02439145275759471,0.05635707972812626
-0.001272581778757627,0.06139578836510233
-0.02670578017283126,0.05529795342105797
-0.04729483389996199,0.0391696573259437
-0.05930511020285247,0.01593640028977928
-0.06055807425206738,-0.01018755395649243
-0.05082645189931046,-0.03446360024482776
-0.03187545475605803,-0.05248832394460588
-0.007142589812447214,-0.06099223298403972
0.01888586731668036,-0.05843280853135779
0.04148863448053946,-0.04527430132861016
0.05656581273699546,-0.02390352163587455
0.06138256387633349,0.001803102417564292
0.05506518063048112,0.0271826671232681
0.03875956777409288,0.04763159368678747
0.01542338735229669,0.05944066782404003
-0.01071042934809381,0.06046785127175249
-0.03490148993371726,0.05052682445028924
-0.05276179701996915,0.03142078282447746
-0.06105168368801332,0.006615356666515095
-0.05826745416400022,-0.01939001694681767
-0.04491413803031878,-0.04187824355347446
-0.02341388329264052,-0.05677020142754004
0.002333395186126772,-0.06136465031417995
0.0276574182426561,-0.05482820730285739
0.04796468075568659,-0.03834651349292411
0.05957166400254316,-0.01490917144702183
0.06037298628196335,0.01123253653743875
0.05022329647631923,0.03533678527298909
0.0309636391741618,0.05303132272396587
0.00608750900396629,0.06110654945844607
-0.01989283167347388,0.05809770543863316
-0.04226482856795604,0.04455056173560969
-0.05697044206219477,0.02292242355249569
-0.06134223190194157,-0.002863598458927233
-0.05458720213851551,-0.02813019820572869
-0.03793064206196172,-0.04829428709435493
-0.01439387192852949,-0.05969831693428842
0.01175379198635327,-0.06027371978352107
0.03576944537271043,-0.04991612389311059
0.05329690764034486,-0.03050428561948233
0.0611568861562905,-0.005559303259357502
0.05792366568286624,0.02039407225279118
0.04418371776327436,0.04264817842417818
0.02242932109745937,0.05716636046787069
-0.00339351097364055,0.0613151769941679
-0.02860079478991117,0.05434207790296118
-0.04862020056076986,0.03751190885234283
-0.05982042374342273,0.01387748186338215
-0.06016986457504504,-0.01227417191721425
-0.04960513838580965,-0.03619942351118292
-0.03004257289094257,-0.05355848933139242
-0.005030606976980041,-0.06120262119917222
0.02089385790111952,-0.05774525536486044
0.04302840278738248,-0.04381352025024497
0.05735805938447147,-0.02193448211693302
0.06128358206772332,0.003923237528900139
0.05409292305355903,0.02906932712950145
0.03709039020435978,0.04894255707327259
0.01336005963490774,0.0599381376196816
-0.01279364247456845,0.0600615889343834
-0.0366267164246461,0.04929051825228285
-0.05381609944579385,0.02957868168738548
-0.06124382272256553,0.004501593920734359
-0.05756257735410879,-0.0213920316479143
-0.04344010167690975,-0.04340537051336914
-0.02143806072147798,-0.05754544043659068
0.004452612234949734,-0.06124738540874516
0.02953562798173843,-0.05383971289742272
0.04926119765714501,-0.03666609534941045
0.06005131544449558,-0.01284164246947424
0.05994877028951294,0.01331214614091374
0.04897216290319636,0.03705125447887846
0.02911253178954773,0.05406966355950999
0.003972200300475187,0.06128041689253769
-0.02188864602739457,0.0573755611507311
-0.04377912802013829,0.04306339482318954
-0.05772854783217721,0.02093999050286853
-0.06120663077517848,-0.004981704718389089
-0.05358248989935166,-0.02999977463059523
-0.03623906209505101,-0.04957621086559524
-0.0123222582382531,-0.06016005874118376
0.01382967115818746,-0.05983152219843986
0.03747304786241069,-0.04865019413356037
0.05431921806371096,-0.02864424689231906
0.06131246798383221,-0.003442543654906897
0.05718429744565406,0.02238359825635892
0.04268351214342086,0.04414959509983363
0.02044039835476771,0.05790732974544218
-0.005510382661079206,0.06116129759365516
-0.03046163876121556,0.05332126422589594
-0.0498874808757133,0.03580932756388459
-0.06026427053910699,0.01180196461544044
-0.05970976995614679,-0.01434614725093762
-0.04832455966358826,-0.03789202188720959
-0.02817379430129912,-0.05456469097681946
-0.002912605799384525,-0.06133991169395764
0.02287689819114248,-0.05698873178516726
0.04451677927991333,-0.04230040827546077
0.05808179598267271,-0.019939244746445
0.06111140025433957,0.006038684637673179
0.05305605440669574,0.03092126329938481
0.03537691132860863,0.05019505944631716
0.01128077709035568,0.06036401399036093
-0.01486156913885239,0.05958358801613977
-0.03830818735789076,0.04799534227771189
-0.05480611357862723,0.02770125960611981
-0.06136280168870856,0.002382467866400344
-0.05678893908672265,-0.02336847698680636
-0.0419141751796164,-0.04488063109275656
-0.01943663191630744,-0.05825192158987276
0.006566506474104576,-0.06105694060245088
0.03137855078901044,-0.05278688810266221
0.05049886347347243,-0.03494186275097192
0.0604592257992008,-0.01075876015059856
0.05945293538736198,0.01537586515777916
0.04766252255999536,0.0387214734502879
0.0272266413034379,0.05504342267339417
0.001852140466455986,0.06138108690794156
-0.0238583187001947,0.05658488202689534
-0.04524113572595776,0.04152478787621278
-0.05841769782068919,0.01893254330100258
-0.06099791846377499,-0.007093861860316506
-0.05251377335915079,-0.03183351799818367
-0.03450419500313172,-0.05079891789230968
-0.01023592690474164,-0.06054994219295663
0.01588902850343189,-0.05931786002332153
0.03913188569666406,-0.04732615771415325
0.05527664071554678,-0.02675000079338282
0.0613948088780925,-0.001321682389171534
0.05637662036170969,0.02434637454333321
0.04113232049742455,0.04559826106680566
0.01842706107095736,0.05857911399538517
-0.007620668429606459,0.0609343465563417
-0.03228609044978979,0.05223674506851351
-0.05109516313011545,0.03406396089993897
-0.06063612331275916,0.009712341498218391
-0.05917834363238997,-0.01640099153728299
-0.04698624968003059,-0.03953936074325047
-0.02627135604732663,-0.05550571507191501
-0.0007911213962553051,-0.06140392975007968
0.02483261407566453,-0.05616413212242296
0.04595198067123655,-0.04073676502885155
0.05873615270022885,-0.0179201867093219
0.06086621900255243,0.008146921243328336
0.05195580845879522,0.03273626615190553
0.033621173550618,0.05138760562434685
0.009188019567947715,0.06071778748869069
-0.01691174251266187,0.05903441716261747
-0.03994389694759198,0.04664283980585325
-0.05573065897482345,0.02579075399912305
-0.06140847997545078,0.0002605034317212563
-0.05594746435327791,-0.02531699950549392
-0.04033818150462888,-0.04630227135053801
-0.01741198719899108,-0.05888880990081839
0.008672553863112335,-0.06079355271452853
0.03318398689825945,-0.05167100004703421
0.05167620197924318,-0.03317588478172578
0.06079491049040116,-0.008663021704868296
0.05888607695592053,0.01742121976659898
0.04629594326028332,0.04034543911094195
0.02530822409853812,0.05595142979982465
-0.0002701342746648832,0.06140843317906457
-0.02579949309570246,0.05572660760128281
-0.04664910159556111,0.03993657503984896
-0.05903706531681507,0.01690247736208099
-0.06071634103773016,-0.009197548159612391
-0.05138232621240402,-0.03362923795160693
-0.03272811059222821,-0.05196094656471094
-0.008137367979595791,-0.06086749943139532
0.01792940575781276,-0.05873334372187904
0.04074397859815482,-0.04594559222965683
0.05616803273151296,-0.02482380528166836
0.06140381084139959,0.0008007525216844068
0.05550159915064711,0.02628006244074547
0.0395319952727244,0.04699245213532804
0.0163917133355577,0.05918091725043637
-0.009721848763095443,0.06063460154207045
-0.03407197212775928,0.0510898223878453
-0.05224180665785434,0.03227789997385423
-0.0609355400859032,0.007611114458415173
-0.05857622282638544,-0.01843624489902703
-0.0455918096462324,-0.04113946762190692
-0.02433753327861023,-0.05638043361207723
0.001331309429572717,-0.0613945957834502
0.02675866684466601,-0.05527243912899483
0.04733229016740455,-0.0391244569470535
0.05932034569155193,-0.01587971931633361
0.06054832924663324,0.01024542867118141
0.05079349783519752,0.03451216650093444
0.03182527281363091,0.05251876924120464
0.007084285914664908,0.06099903304037589
-0.01894171429356534,0.05841472932985476
-0.04153189166505334,0.04523462292091785
-0.05658863130979645,0.02384944311771138
-0.06138080280396666,-0.001861768829281753
-0.05503915783496999,-0.02723527602781925
-0.03871400248399155,-0.0476685975868248
-0.01536654409208819,-0.05945534908053524
0.01076823985888127,-0.06045754076490172
0.03494978105038983,-0.05049338589044056
0.05279180836395501,-0.03137027486027798
0.06105797022155531,-0.006556934076256475
0.05824887390604305,0.01944576367242034
0.04487405925123927,0.04192120905886428
0.02335957360348492,0.05679259835248941
-0.00239208703878607,0.06136242170838193
-0.02770984876959007,0.05480176240064446
-0.04800134227474188,0.03830065338854168
-0.05958590916583708,0.01485221815370122
-0.06036223377134365,-0.01129024966427902
-0.05018949916827884,-0.03538478792693678
-0.03091292985536948,-0.05306090685883921
-0.006029087901882122,-0.06111234882359338
0.01994836575402266,-0.05807866892859127
0.04230740078766437,-0.04451014400037787
0.0569923290405334,-0.02286795829555732
0.06133946267285727,0.002922228815736338
0.05456027845018115,0.02818235517966594
0.03788444736603719,0.04833050595020045
0.01433678556756864,0.05971202359458292
-0.01181141471604078,0.06026242340880877
-0.0358171515819099,0.04988186880819743
-0.05332604291632569,0.03045328060844083
-0.06116216441330279,0.005500795468583523
-0.05790412803881264,-0.02044947454401952
-0.04414290651162853,-0.0426904299364598
-0.02237463721672817,-0.0571878009427035
0.003452150233133848,-0.06131192060984058
0.02865275474370002,-0.0543147180614988
0.0486560580636366,-0.03746541049765754
0.0598336764044971,-0.01382028086350814
0.06015811018230619,0.01233169896124688
0.04957051060590088,0.03624684146980615
0.02999135421374455,0.05358719735316955
0.004972089113203335,0.06120741278574378
-0.0209490594572768,0.05772526273446679
-0.04307027431002652,0.04377237169379437
-0.057379005307735,0.02187964380546738
-0.06127980274349933,-0.003981815894589793
-0.05406510396494432,-0.02912101716070386
-0.03704357761915324,-0.04897797964585369
-0.01330274525463833,-0.05995086422549924
0.01285106183481162,-0.06004930782288489
0.03667382472753642,-0.04925545383490937
0.05384435081323743,-0.02952719112759825
0.06124809159318011,-0.004443014082282121
0.05754208823411247,0.02144707774474924
0.04339856983687156,0.04344690053817925
0.02138301831730221,0.05756592338972746
-0.004511182383148001,0.06124310762669334
-0.02958710313577703,0.0538114516445248
-0.04929624198275022,0.03661897781393012
-0.06006357340495678,0.01278421574061842
-0.05993601944817516,-0.01336946541907811
-0.04893671702928212,-0.03709806956097248
-0.02906082114861327,-0.05409748343398231
-0.00391360526055635,-0.06128419642904845
0.0219434965024959,-0.05735461619462898
0.04382028435536452,-0.04302152624992774
0.05774854458792274,-0.02088479473145383
0.06120184079469637,0.005040213686182299
0.05355378222930849,0.03005098169666591
0.03619164433980839,0.04961082535519731
0.01226473194346325,0.06017179968600565
-0.01388687074902079,0.05981825768962783
-0.03751954466659331,0.04861432807714875
-0.05434657728857534,0.02859228301273526
-0.06131572612802774,0.003383905830687333
-0.05716286264623271,-0.02243827534703305
-0.0426412715549335,-0.04419039496591797
-0.02038501308245582,-0.05792685280516122
0.005568867182949332,-0.06115600336344804
0.03051261488391371,-0.05329211351766992
0.04992170283194066,-0.03576160820285419
0.06027553151029597,-0.01174433229123851
0.05969602790950394,0.01440323902097001
0.04828830774438601,0.03793821789531437
0.02812160859539839,0.05459161262444247
0.002853952497082363,0.06134267675111097
-0.02293137986229036,0.05696683994236855
-0.04455720689584786,0.04225783185954109
-0.05810083648494489,0.01988370814626829
-0.06110560008228628,-0.006097106130235964
-0.05302646592824419,-0.03097197107714823
