1.224992625620267e-07,5.605987961187447e-08
3.332423847028229e-05,1.531197004066415e-05
0.0001642701426095142,9.201486657643363e-05
0.0004086587167767666,0.0002882087765127629
0.0006534217299582417,0.0006159831548767119
0.0006612246231826832,0.0009800208010544854
0.0002827903707273255,0.001207183218994938
-0.0002122273261624575,0.001230465801201952
-5.808266417119708e-05,0.001326612504646418
0.001475202643763934,0.002134033073316462
0.004110770461208963,0.004228112773105288
0.006040985400931193,0.007414389928692023
0.004902462686092093,0.01039744091729356
0.000385560689037778,0.01161093318920437
-0.003024127258341201,0.01138506925816175
0.004233223744772403,0.01445789119035213
0.03275545774185997,0.03088995421901431
0.0866576420287198,0.07362845529976277
0.1564794711073495,0.1525825904047055
0.2175876333349967,0.2673768527016574
0.2369828725028977,0.4024966864545684
0.1867931950960351,0.5281249219451701
0.05840390531873549,0.607528027327091
-0.129976169072543,0.6086416346782169
-0.3365392185784648,0.5153359514025098
-0.5087426467725195,0.3339176915085827
-0.6000984811224459,0.09259710068901837
-0.5839507544204667,-0.1654031818413626
-0.4596657228244189,-0.3922594442609557
-0.2506833294427948,-0.5461049365407377
0.002960038725518953,-0.5992191251226365
0.2541243624957999,-0.5426895108976477
0.4575526672877407,-0.3874258067840196
0.5773073654429359,-0.1618721436880355
0.5923978126359315,0.0930842729039269
0.5002588075135805,0.3313042008846014
0.3174243519064772,0.5096129733999981
0.07686828469298794,0.5956196225799592
-0.1778177790874141,0.5736515114465264
-0.4003707142397554,0.4476444043693556
-0.5503371424850808,0.2404394795195104
-0.6004784749195177,-0.01037857738745167
-0.5416994791430628,-0.2593140721333722
-0.3846620319411178,-0.4612127870009543
-0.1578510349463837,-0.5794524695577822
0.0975924397355705,-0.5925857148267383
0.3353336969178471,-0.4982302935607856
0.5122490330155102,-0.3135012629718289
0.5962479114345868,-0.07190647968124969
0.5720938402958657,0.1827313645923586
0.4441681079651141,0.4042237073415508
0.2356750645299047,0.5523942230591142
-0.01556689739594818,0.6003663759869644
-0.2639851917893066,0.539438534242985
-0.4645194155065923,0.3806623521280647
-0.5807948201145152,0.1528381190619822
-0.5917202995006595,-0.1027093027388798
-0.4953140893715424,-0.3396263631997622
-0.3090632379518972,-0.5149388591444098
-0.06675164377181672,-0.5968469919200546
0.1876679796747874,-0.5704935083899211
0.4080466527882547,-0.4406586466399575
0.5544100577390966,-0.2308930522731008
0.6002094491997705,0.02075405506317812
0.5371373108177137,0.2686366003316972
0.3766342492099361,0.4677913595101182
0.1478137911377686,0.582093804175699
-0.1078184966956237,0.5908107019008308
-0.3438936704311855,0.4923609013189654
-0.5175902360775343,0.3046021359535412
-0.5974015073344808,0.06159182368421617
-0.5688505791615904,-0.1925905820588864
-0.4371162824365784,-0.4118391304126925
-0.2260937998099848,-0.5563844960076977
0.02593966307706183,-0.6000077062752658
0.2732679504515105,-0.5347959806938414
0.4710283747036619,-0.3725780239550953
0.5833493247494447,-0.142778426327733
0.5898569899446291,0.1129196401150778
0.4893709499102148,0.3481352999829678
0.3001182900760803,0.520202965843205
0.05642740468929875,0.5979114162735872
-0.1974988041862575,0.5671651752842864
-0.4156008570400528,0.4335412798544458
-0.5583173904385542,0.2212776654887255
-0.5997611622770901,-0.03112333424122823
-0.5324147186926297,-0.2778788963374246
-0.3684939792317294,-0.4742302193874016
-0.137732400609963,-0.5845612880891734
0.1180123521076308,-0.588859234843338
0.3523509351432465,-0.4863444583974786
0.5227768533554298,-0.2956120351170645
0.5983766806637507,-0.05125877240130554
0.5654374226028993,0.2023922795722383
0.4299339058300545,0.4193315517916228
0.2164450089180188,0.560208596707276
-0.03630468150392557,0.5994698356140664
-0.2824690937016514,0.529993702616951
-0.477396654487608,0.3643824199852359
-0.5857296037006161,0.1326760907585691
-0.587817511096834,-0.1230962524132242
-0.483281652761302,-0.3565402611410957
-0.2910837075472714,-0.5253117064284706
-0.04608631274907128,-0.5987972657648434
0.2072706428332709,-0.5636674501243979
0.4230309361057639,-0.4262944297169959
0.5620579736022254,-0.211596190940237
0.5991337480388268,0.04148331798692037
0.5275331132380159,0.2870381998056409
0.3602436532154524,0.4805274435744974
0.1276098743155522,0.586854184348571
-0.1281709614297471,0.5867318964880226
-0.360702965170028,0.4801827616937187
-0.5278073357911914,0.286533645485589
-0.5991731401728265,0.04091041194721408
-0.5618553900081943,-0.2121335297141799
-0.4226231232658386,-0.4266987337587087
-0.206731573604479,-0.5638653830350588
0.04665885701439042,-0.598752924646192
0.2915858734856776,-0.525033134281877
0.4836223528798842,-0.3560779879537366
0.5879349460634133,-0.1225341295626146
0.585602472077028,0.133236100241379
0.4770480165811659,0.3648387364113538
0.281962188673762,0.5302635551011966
0.03573145646729248,0.5995042758221024
-0.2169805771153709,0.5600013775562855
-0.4303346708851835,0.4189202606038496
-0.5656306900510351,0.2018515201395478
-0.5983273938712876,-0.05183091214178995
-0.5224939524157033,-0.296111775178351
-0.351885735239886,-0.4866811513146387
-0.1174492354929135,-0.5889718081473739
0.1382912906468805,-0.5844293221951448
0.3689472660573834,-0.4738776514872154
0.5326801809587351,-0.2773696784510269
0.5997906479875985,-0.03054983300894611
0.5581055512031393,0.2218114231199512
0.4151861182145154,0.4339384759988681
0.196956394926822,0.5673537628391011
-0.05699909718470587,0.5978571874874339
-0.3006155669459074,0.5199157572338495
-0.489703610485936,0.3476672080989171
-0.589964693180555,0.1123555717827599
-0.5832125344385399,-0.1433361551878389
-0.4706719031350962,-0.373028247334493
-0.2727564577286303,-0.535057032920404
-0.02536592847103321,-0.600032235286621
0.2266257070207371,-0.5561680525053627
0.4375098800126525,-0.4114209749168996
0.5690344727417231,-0.192046563473047
0.597342340603766,0.06216302624769852
0.5172987412436991,0.3050969125014895
0.3434227215176952,0.4926895047143141
0.107253518763276,0.5909135270267147
-0.1483703171768452,0.5819521996617071
-0.3770813755260257,0.4674310108900111
-0.5373939335126177,0.2681228709642161
-0.6002290196804537,0.02018012992273032
-0.554189026131137,-0.2314230693471989
-0.4076251118448306,-0.4410486162587361
-0.1871223923830492,-0.5706726942644977
0.0673223137531099,-0.5967828916626094
0.3095554772342419,-0.5146430998512841
0.4956386110505271,-0.3391525924214086
0.5918182388388075,-0.1021434573919914
0.5806484119706912,0.1533934007256217
0.4641552167412734,0.3811063479950415
0.2634692641361091,0.5396907082448545
0.01499282457463297,0.6003809864756958
-0.2362031518923022,0.5521686198494057
-0.4445544205085439,0.403798812425902
-0.572268305085527,0.1821842493323593
-0.5961788824366171,-0.07247657446985473
-0.5119490313467002,-0.3139909282342946
-0.3348571396499083,-0.4985507092921849
-0.09702576922439608,-0.5926787610642661
0.1584050307730952,-0.5793012687160574
0.3851028642069232,-0.4608447652842363
0.5419471856226983,-0.2587959847174887
0.6004881243253707,-0.009804399749854626
0.550106984518853,0.2409655977392408
0.3999423623603184,0.4480270309924412
0.1772325030397622,0.5738211860645395
-0.07762542354218305,0.5955303580256441
-0.3184029343176211,0.5092167368892989
-0.5014255820001992,0.3305366839339013
-0.5934950294500473,0.09190083638545714
-0.5779108704856167,-0.1634048331133928
-0.4574999037020182,-0.3890706257518075
-0.2541033816504248,-0.5441631971606291
-0.004615242855081707,-0.6005504252297614
0.2457100512881121,-0.5480042740766273
0.4514661884193026,-0.3960560495995529
0.5753312212518054,-0.1722675232397599
0.5948373668533893,0.08276847651842097
0.5064464204926709,0.3227911660507684
0.3261915478710041,0.5042630145150181
0.08676904154108357,0.5942669830474332
-0.1683924344237871,0.5764773210969261
-0.3930093363668695,0.4541208817470647
-0.5463385773946103,0.2493918053198469
-0.6005678845370138,-0.00057425864832394
-0.5458606455268515,-0.2504361582824415
-0.3921401643248478,-0.454871635995849
-0.1672896806549623,-0.5767982978967765
0.08790534937967973,-0.5940999606637702
0.3271552957754598,-0.5036382890094109
0.5070627949726609,-0.321822055901654
0.5949945642165827,-0.08163076786955493
0.5750007275895308,0.1733674622925695
0.4507079517224873,0.3969187019584448
0.2446616075273667,0.5484731638944448
-0.005763717273273738,0.6005405009434855
-0.2551435658356466,0.5436762589289051
-0.4582431194458306,0.3881949989255571
-0.5782223064565085,0.1622993469684167
-0.593318194517057,-0.09303565856852121
-0.5007925521156634,-0.3314949976330548
-0.317428534284878,-0.509824714320532
-0.07648639903290551,-0.5956777186308347
0.1783295452468589,-0.573481200216976
0.4007984306239866,-0.4472613684632326
0.5505667972758989,-0.2399131414650171
0.600468276493839,0.01095274553587918
0.5414512773854681,0.2598319224573872
0.3842208479773073,0.4615803870290168
0.157296894795851,0.5796031406038459
-0.09815902101759572,0.5924921267857708
-0.3358099475888733,0.4979094222954784
-0.5125485663330225,0.3130113110739328
-0.5963163952807556,0.07133631914827251
-0.571918852438566,-0.1832783127803504
-0.4437813893170447,-0.4046482326738748
-0.2351467616888744,-0.5526193212126147
0.016140955984386,-0.6003512165808981
0.2645008780798074,-0.5391858670303452
0.4648831895599885,-0.3802180082200036
0.5809406972353589,-0.1522826976578486
0.5916218191503227,0.1032750541782527
0.4949891148249452,0.3400998234564021
0.308570716091824,0.5152341476269193
0.06618091275923536,0.5969105464779569
-0.1882133953809541,0.5703138009108947
-0.4084678206530231,0.4402682741252523
-0.5546305824477659,0.2303628240925819
-0.6001893299452338,-0.02132796122810994
-0.53688019701606,-0.2691500840836793
-0.3761867785356755,-0.4681512804267491
-0.1472571299519625,-0.5822348764790416
0.1083833760490988,-0.5907073365944043
0.3443643049213468,-0.4920318477561126
0.5178812576765891,-0.304107080906664
0.5974601278586569,-0.0610205648070865
0.5686661654791442,0.1931344245584027
0.4367222852033751,0.4122569093623548
0.2255616858807862,0.5566004308055076
-0.02651337396635355,0.5999826286745135
-0.2737791933244306,0.5345344395012187
-0.4713844156091371,0.372127459926151
-0.5834855817017732,0.1422205669247537
-0.5897487474001428,-0.1134836052045249
-0.4890378419007135,-0.3486030735655478
-0.2996207388069216,-0.5204896988289488
-0.05585566060209166,-0.5979650983869885
0.1980410328717646,-0.5669760691681284
0.4160152158800999,-0.4331436873215315
0.5585287192021924,-0.2207437055424631
0.5997311282026018,0.03169680701732352
0.5321487696376614,0.2783878601580578
0.3680403554905872,0.4745823536970384
0.1371733846437735,0.5846927195165247
-0.1185753608231897,0.5887461231429952
-0.3528158128907634,0.4860073208136736
-0.5230592763182277,0.295112024776535
-0.5984254203580665,0.05068658579472339
-0.565243638173109,-0.2029328539568758
-0.429532747684668,-0.4197424595829161
-0.2159092428241449,-0.5604153036573526
0.03687787334704729,-0.5994348473084109
0.2829757404669418,-0.5297233655573869
0.4777448559084183,-0.3639257704028441
0.585856199789333,-0.1321159599694905
0.5876995386864013,0.1236582627164464
0.482940510776413,0.3570022083422948
0.2905812754698934,0.5255897982805096
0.04551372634685858,0.598841059400805
-0.2078095225536993,0.563469001850375
-0.4234383621668444,0.4258897359126119
-0.5622600433044468,0.211058658703064
-0.5990938081144925,-0.04205618609826926
-0.5272584083592475,-0.2875424916855437
-0.3597840118886931,-0.4808716861071524
-0.1270486705271491,-0.5869759356460387
0.1287319313567298,-0.5866090721762026
0.3611619473324686,-0.4798376407799601
0.5280810757680511,-0.286028829186704
0.5992119844804764,-0.0403374685029607
0.5616522927075785,0.2126706745336016
0.4222149240199358,0.4271026476680927
0.2061923153601989,0.5640628004013867
-0.04723135861933452,0.598708036085391
-0.292087772825978,0.524754082095428
-0.4839626108206547,0.3556153892028751
-0.5880518434787688,0.1219718946785683
-0.5854748050348048,-0.1337959879059011
-0.4766989425078528,-0.365294719263985
-0.2814550258467383,-0.5305329227633954
-0.03515819876124832,-0.5995381679010297
0.2175159469265314,-0.5597936463938411
0.430735042483636,-0.4185085863956416
0.5658234403408131,-0.2013105761532234
0.5982775600257418,0.05240300449306577
0.5222105737577056,0.2966112445034786
0.3514202136060157,0.4870173992573134
0.1168860114938968,0.5890838429521779
-0.1388500542435313,0.584296821955099
-0.3694002155531068,0.4735246503188396
-0.5329451561932629,0.2768602069644498
-0.5998195853071634,0.0299763038448369
-0.5578932016896263,-0.2223449779481191
-0.4147709997826758,-0.434335275391638
-0.1964138055893753,-0.5675418316601439
0.05757073756562218,-0.5978024120781086
0.3011125689617493,-0.5196280732634762
0.4900358233237299,-0.3471987983413716
0.5900718570094508,-0.1117914007232977
0.5830752108941284,0.1438937529951411
0.4703150012293625,0.3734781296527065
0.2722447156234499,0.5353175959422277
0.02479217067283507,0.600056215686154
-0.2271574070267181,0.5559511004963984
-0.4379030775717286,0.4110024432572966
-0.5692178460514068,0.1915023692982814
-0.5972826277206078,-0.06273417197528292
-0.5170067734415981,-0.3055914100981355
-0.342951458611466,-0.4930176576417182
-0.1066884427686186,-0.5910158118780463
0.1489267075603558,-0.5818100630665398
0.3775281570751328,-0.4670702348959016
0.5376500648661409,-0.2676088964509469
0.6002480413693934,-0.01960618633151503
0.5539674878259828,0.2319528748302729
0.4072031982081752,0.4414381826250316
0.186576634004582,0.5708513583707892
-0.06789292218134046,0.5967182457642217
-0.3100474334887942,0.5143468700179493
-0.4959626795651819,0.3386785115545039
-0.5919156370752158,0.101577518654932
-0.5805014729377442,-0.1539485421410808
-0.4637905935970165,-0.381549995414997
-0.2629530955919269,-0.5399423888053998
-0.01441873804531607,-0.6003950480337419
0.2367310232932347,-0.5519425117897669
0.4449403265941261,-0.4033735483154186
0.5724422466480343,-0.1816369675005888
0.5961093083499578,0.07304660299284139
0.5116485616008835,0.3144803064136221
0.3343802762207733,0.4988706691967147
0.09645901000217984,0.5927712654132774
-0.1589588817694665,0.5791495382169094
-0.3855433443716706,0.4604763222153403
-0.5421943965978985,0.2582776606834194
-0.6004972247025797,0.009230213148053588
-0.5498763235876565,-0.2414914956431835
-0.3995137795294236,-0.4484092479826594
-0.1766837386188664,-0.5739903920954766
0.07819482959730921,-0.5954558609456342
0.3188896978810679,-0.5089120496663249
0.5017414094039886,-0.3300570735487367
0.5935826330045855,-0.09133329899657838
0.577754359849597,0.1639573523360075
0.4571276682191974,0.3895079057717941
0.253582940828417,0.5444059200918567
0.004040999053862512,0.6005545637466243
-0.246233936427595,0.5477690774967365
-0.4518446877749781,0.3956241800494373
-0.5754956791169837,0.1717173172045848
-0.5947579523425354,-0.08333721758958205
-0.5061375385427617,-0.3232752786529358
-0.3257092263411024,-0.5045746858360408
-0.08620076836212251,-0.5943496792663715
0.168943580617433,-0.5763160420103015
0.3934433835915045,-0.4537448816442195
0.5465767941583642,-0.2488692865699252
0.6005670608845309,0.001148516771601094
0.5456209308598214,0.2509579915402583
0.3917050403021486,0.4552463894553704
0.1667380740880353,0.5769579953165322
-0.08847338300038422,0.5940156346517537
-0.3276367212688556,0.5033252353960143
-0.5073702869391883,0.3213370592407679
-0.5950723469251958,0.08106180133206133
-0.5748346920946064,-0.1739171943045258
-0.4503282150746069,-0.3973494839784961
-0.2441370498647016,-0.548706856703666
0.0063379468401897,-0.600534715183149
0.2556633082478133,-0.5434320440736221
0.4586140990272939,-0.3877566529198862
0.5783772315066312,-0.1617463810568087
0.593228963300284,0.09360294232513131
0.5004753502136977,0.331973700070851
0.3169408987064768,0.5101280039729127
0.07591678162016589,0.5957505820212805
-0.1788778220300333,0.573310420711198
-0.4012259152740569,0.4468779236242872
-0.5507959486813432,0.2393865840569981
-0.6004575290576658,-0.01152690367016819
-0.5412025805768504,-0.260349535216056
-0.3837793127188707,-0.4619475650323204
-0.1567426108281517,-0.5797532817164843
0.09872551255244265,-0.5923979970269279
0.3362858912275473,-0.4975880957896328
0.51284763102537,-0.3125210729885659
0.5963843339125054,-0.07076609339221676
0.571743341673616,0.1838250933962652
0.4433942649179105,0.4050723880347371
0.2346182438522385,0.5528439141041079
-0.01671499981508281,0.6003355082713671
-0.2650163225361157,0.5389327068379618
-0.4652465385688597,0.3797733166771377
-0.5810860431998445,0.1517271370210585
-0.5915227978778375,-0.1038407111928275
-0.494663687707861,-0.3405729727584302
-0.3080779121043366,-0.515528965028818
-0.06561012123718667,-0.5969735552781975
0.1887586390028765,-0.5701335719917141
0.4088886150540634,-0.4398774990715273
0.554850600055521,-0.2298323852904181
0.6001686619352407,0.02190184789281509
0.5366225923427368,0.2696633217506956
0.3757389639123672,0.4685107733108383
0.1467003341283838,0.582375416442761
-0.1089481563072286,0.5906034312019484
-0.3448346245578737,0.4917023443266151
-0.5181718057747788,0.3036117478134924
-0.597518202122695,0.06044925013861613
-0.5684812318629927,-0.1936780904743567
-0.436327888673273,-0.4126743113839079
-0.2250293657196527,-0.5568158567013601
0.0270870606143651,-0.59995700250729
0.2742901858799635,-0.5342724095816609
0.471740025525996,-0.3716765556596103
0.5836213051709519,-0.1416625774889526
0.5896399656460718,0.1140474665354658
0.4887042867620051,0.3490705284189697
0.299122913593357,0.5207759559289193
0.05528386544584621,0.5980182337785562
-0.1985830804875681,0.5667864446635305
-0.4164291943557938,0.4327456987636494
-0.5587395373008236,0.2202095437693685
-0.5997005457915825,-0.0322702508129013
-0.5318823340369765,-0.2788965694475775
-0.3675863952486944,-0.4749340540941682
-0.136614243259409,-0.5848236163570292
0.1191382611248434,-0.5886324731497623
0.3532803680574104,-0.4856697388714671
0.5233412210458877,-0.2946117446139216
0.5984736129096805,-0.05011435284519516
0.5650493369388488,0.2034732427992102
0.429131196815809,0.4201529836020331
0.2153732793236052,0.5606214982175185
-0.03745103147258391,0.5993993109371234
-0.2834821285064029,0.5294525441696715
-0.4780926205252327,0.3634687880816927
-0.5859822602274281,0.1315557083862705
-0.5875810289399745,-0.1242201599584357
-0.4825989272371191,-0.3574638291349773
-0.2900785777129138,-0.525867409583739
-0.04494109833126601,-0.5988843055140437
0.2083482122730672,-0.5632700383944419
0.4238454010765706,-0.4254846527155826
0.5624615989301077,-0.2105209334941433
0.5990533204363431,0.04262901575747073
0.5269832214060527,0.2880465206642083
0.3593240416100054,0.4812154889769299
0.126487350577653,0.5870971502690996
-0.1292927835835987,0.5864857115253995
-0.3616205992831218,0.479492081148756
-0.5283543329183105,0.2855237513705281
-0.5992502809262563,0.03976448817798969
-0.561448681886066,-0.2132076249074039
-0.4218063387412683,-0.4275061710758628
-0.2056528685934726,-0.5642597020428933
0.04780381704046496,-0.5986626001234928
0.2925894051092839,-0.524474550124269
0.4843024262725128,-0.3551524653114718
0.588168203236017,-0.1214095482751426
0.5853466026906708,0.1343557532402257
0.4763494325868268,0.3657503681262217
0.2809476056842807,0.5308018053572618
0.03458490890992504,0.5995715118198587
-0.218051117862009,0.55958540340987
-0.4311350202593514,0.4180965295433907
-0.5660156732960038,0.2007694481078482
-0.5982271791726814,-0.05297504893207083
-0.5219267176405399,-0.2971104426357836
-0.3509543706672748,-0.4873532019180711
-0.1163226806255512,-0.5891953391553137
0.1394086908890239,-0.5841637874901757
0.3698528273047578,-0.4731712162050164
0.5332096441539401,-0.2763504823434965
0.5998479742093288,-0.02940274727327187
0.5576803420921741,0.2228783294854054
0.4143555021240901,0.4347316776699654
0.1958710366700223,0.5677293815754672
-0.05814232530938101,0.5977470900956967
-0.3016092956691832,0.5193399141951215
-0.4903675881198462,0.346730071138607
-0.5901784813333326,0.1112271274525237
-0.5829373542417653,-0.1444512192398165
-0.4699576693127803,-0.3739276704983976
-0.2717327246038601,-0.5355776695210712
-0.02421839020705958,-0.6000796474519339
0.22768889934179,-0.5557336401791626
0.4382958747543033,-0.4105835358165482
0.5694006989229821,-0.1909580000321487
0.5972223687396008,0.06330526034476795
0.5167143329381755,0.306085628291357
0.3424798821433715,0.4933453598011447
0.1061232692282965,0.5911175563613021
-0.1494829617795971,0.581667394520149
-0.3779745934487684,0.4667090318576417
-0.5379057046441027,0.2670946772618099
-0.6002665142491937,0.01903222481428152
-0.5537454430261787,-0.2324824682379292
-0.4067809122640335,-0.4418273453826709
-0.1860307050383598,-0.5710295005454497
0.0684634685348128,-0.5966530542840072
0.3105391062657678,-0.51405016991526
0.4962862946192189,-0.3382041210325141
0.5920124941208404,-0.1010114870451557
0.5803540031500282,0.1545035428007779
0.4634255464072055,0.38199329398229
0.2624366866287022,0.5401935756944974
0.01384463833289449,0.6004085606482393
-0.2372586782500611,0.5517158990869242
-0.4453258258690207,0.4029479153989179
-0.5726156648243498,0.1810895195974268
-0.5960391892382202,-0.07361656472903272
-0.5113476240527808,-0.3149693970623725
-0.333903107066441,-0.4991901729818362
-0.09589216258711274,-0.5928632277891972
0.1595125874291089,-0.5789972781990685
0.3859834720326268,-0.4601074581311381
0.542441111842636,-0.2577591005050722
0.6005057760428196,-0.008656018107032462
0.5496451599023782,0.242017172750505
0.3990848314215085,0.4487910549905434
0.1761348126553291,0.5741590733247462
-0.07876416415860335,0.5953808194379927
-0.3193761698824206,0.5086068971430634
-0.5020567780636476,0.3295771613910889
-0.5936696938442023,0.09076567810129914
-0.5775973209705089,-0.1645097216517785
-0.4567550147827659,-0.3899448296631807
-0.2530622681545421,-0.5446481452706216
-0.00346675155795241,-0.6005581531740997
0.2467575964344144,-0.5475333800894356
0.452222774007276,-0.3951919487785891
0.575659610804201,-0.1711669541675996
0.5946779940421505,0.08390588246519243
0.5058281938293152,0.3237590956832436
0.3252266070139778,0.5048858958224467
0.08563241636946071,0.5944318320690661
-0.169494572345301,0.5761542359956598
-0.3938770710893119,0.4533684666806505
-0.5468145111848133,0.2483465402778395
-0.6005656881312306,-0.00172277384478473
-0.5453807173294359,-0.2514795953461999
-0.3912695581419955,-0.4556207266813331
-0.1661863150718338,-0.5771171652213299
0.08904133572952745,-0.5939307655289127
0.3281178472027118,-0.5030117215903787
0.5076773150150712,-0.320851768780144
0.5951495855568257,-0.08049276067943884
0.5746681310260641,0.1744667673033159
0.4499480666898671,0.3977799027003625
0.2436122689865664,0.5489400478280623
-0.006912170612304138,0.6005283803515732
-0.2561828169060224,0.543187332356297
-0.4589846592960947,0.3873179523867948
-0.5785316277441889,0.1611932672598596
-0.5931391896919499,-0.0941701405001947
-0.5001576907251633,-0.3324520989837834
-0.3164529733477772,-0.5104308272132531
-0.07534709479642374,-0.5958229007146301
0.1794259352645055,-0.5731391170254533
0.401653033081693,-0.4464940702031049
0.5510245964918873,-0.238859807776888
0.6004462326208171,0.01210105126536276
0.5409533889445904,0.2608669099361234
0.3833374265695035,0.4623143206751544
0.1561881835500686,0.5799028927584245
-0.0992919138221665,0.592303325636274
-0.3367615273987127,0.4972663143370408
-0.5131462268191181,0.312030549163957
-0.5964517272677204,0.07019580293444461
-0.5715673081614868,-0.184371705940176
-0.4430067351216605,-0.4054961730363258
-0.2340895115032202,-0.5530680015282414
0.01728902836319285,-0.6003192510727235
0.2655315246869649,-0.5386790538972855
0.4656094622009992,-0.3793282779060313
0.5812308578750833,-0.1511714376595432
0.5914232357737381,0.1044062732654424
0.4943378083178258,0.3410458106732629
0.307584826440004,0.5158233110805716
0.06503926972754537,0.597036018263184
-0.1893037100420353,0.5699528217971818
-0.4093090356066391,0.4394863218360892
-0.5550701103611961,0.2293017363516123
-0.6001474451886871,-0.02247571453256626
-0.5363644970332762,-0.270176312863472
-0.3752908057494548,-0.4688698378336858
-0.1461434041761196,-0.582515423938353
0.1095128369536266,-0.5904989858184622
0.3453046289107465,-0.4913723913317425
0.5184618801064522,-0.3031161371269172
0.5975757300734961,-0.05987788020116856
0.5682957784822207,0.1942215793096641
0.4359330932068701,0.4130913360957118
0.2244968398132851,0.5570307734982844
-0.02766072249657503,0.5999308277970197
-0.2748009276509082,0.5340098911747359
-0.4720952041291029,0.3712253115677281
-0.5837564950328821,0.1411044585304903
-0.589530644781862,-0.1146112235923724
-0.4883702847990396,-0.3495376641158487
-0.2986248148905239,-0.5210617368813979
-0.05471201974332777,-0.5980708223997094
0.1991249465381007,-0.5665963019438598
0.41684279208866,-0.4323473145446711
0.5589498445417207,-0.2196751806578176
0.5996694150720184,0.0328436651036678
0.5316154121342048,0.2794050237408734
0.3671320989211367,0.4752853202572317
0.1360549769681244,0.5849539784910108
-0.1197010524979001,0.5885182849675563
-0.3537446002184167,0.4853317128795226
-0.5236226872806065,0.2941111950866461
-0.5985212582745194,0.04954207407592952
-0.564854519077765,-0.2040134456051503
-0.4287292535906192,-0.4205631234736215
-0.2148371189064393,-0.5608271801992454
0.03802415535648763,-0.5993632265326919
0.2839882573570349,-0.5291812387014158
0.4784399480200839,-0.3630114734395986
0.5861077848996397,-0.1309953365211447
0.5874619819659035,0.1247819436254524
0.4822569024557271,0.3579251230970853
0.2895756147359442,0.5261445400843365
0.04436842922584073,0.5989270040650116
-0.2088867114988576,0.5630705599384963
-0.4242520524627925,0.4250791804962541
-0.5626626402949264,0.2099830158050911
-0.5990122850413916,-0.04320180644081382
-0.5267075526300258,-0.2885502862808272
-0.3588637427999283,-0.481558851869515
-0.1259259149802667,-0.5872178281069481
0.1298535175975767,-0.5863618146484252
0.362078920602649,-0.4791460831160776
0.5286271069921352,-0.2850184124988841
0.5992880294751601,-0.03919147149620902
0.5612445577298297,0.2137443803446223
0.421397367803422,0.4279093036130509
0.2051132337975346,0.5644560877795339
-0.04837623175436572,0.5986166168020286
-0.2930907698769392,0.5241945386239748
-0.4846417989247572,0.3546892167027836
-0.5882840252287683,0.1208470908664992
-0.5852178651618438,-0.1349153957325492
-0.4759994871376486,-0.3662056825814541
-0.2804399286503265,-0.5310702026369489
-0.03401158743748355,-0.5996043075480957
0.2185860894324964,-0.5593766487947625
0.4315346038466294,-0.4176840904238345
0.5662073887408452,-0.2002281364981695
0.5981762513581615,0.053547044935791
0.5216423843237203,0.297609369118855
0.3504882068495633,0.4876885589898913
0.1157592434029065,0.5893062966548429
-0.1399672000726203,0.5840302189220092
-0.3703051008985333,0.4728173494688895
-0.5334736445989613,0.2758405050542067
-0.5998758146681492,0.02882916381865256
-0.5574669726054072,-0.2234114772441669
-0.413939625618652,-0.4351276824714199
-0.1953280886650208,-0.5679164124135948
0.05871385989337551,-0.5976912215907806
0.3021057466140484,-0.5190512802922529
0.4906989045709486,-0.3462610269191869
0.5902845660547136,-0.1106627524863597
0.5827989646074965,0.1450085534121671
0.4695999077120644,0.3743768694605472
0.2712204851379827,0.5358372534191482
0.02364458759832381,0.6001025305625396
-0.2282201834800004,0.5555156717524836
-0.4386882712012338,0.4101642529776686
-0.5695830311892591,0.1904134561723741
-0.5971615637158343,-0.06387629083399994
-0.516421420000806,-0.3065795666292845
-0.3420079925445706,-0.4936726108929712
-0.1055579986590449,-0.5912187603834558
0.1500390793259888,-0.581524194152974
0.3784206842387582,-0.4663474021054777
0.5381608526127739,-0.2665802138669544
0.6002844383029674,-0.01845824589580131
0.5535228919347418,0.2330118490859619
0.406358254398503,0.4422161041758436
0.1854846059835277,0.5712071206256049
-0.06903395229187431,0.5965873172815711
-0.3110304951156254,0.5137529998144901
-0.4966094559167558,0.3377294212891768
-0.5921088098871254,0.100445363080188
-0.5802060027423774,-0.1550584021972727
-0.4630600755056073,-0.3824362432916107
-0.2619200377185948,-0.5404442686824876
-0.01327052596227471,-0.6004215243068353
0.2377861162803396,-0.5514887819480753
0.445710917980761,-0.4025219140655652
0.5727885594559153,-0.1805419061234155
0.595968525165516,0.07418645915730125
0.5110462189775441,0.3154581997333597
0.333425632623193,0.4995092203554172
0.09532522749746901,0.5929546481079356
-0.1600661472457655,0.5788444888017384
-0.3864232467873803,0.4597381733688745
-0.5426873311313369,0.25724030465656
-0.6005137783382732,0.008081815151771001
-0.5494134936743716,-0.2425426285805846
-0.3986555184287611,-0.4491724516670124
-0.1755857256510336,-0.5743272295981261
0.07933342670552228,-0.5953052335713322
0.3198623498768964,-0.5083012795985159
0.5023716876908302,-0.3290969478997424
0.5937562118892907,-0.09019797421859473
0.5774397539919233,0.1650619405556764
0.4563819437334301,0.3903813970264911
0.2525413641048401,0.5448898724754616
0.002892500892376286,0.6005611935089099
-0.2472810308297958,0.5472971820702278
-0.4526004467705174,0.394759356182202
-0.5758230161635787,0.1706164346320068
-0.594597492025346,-0.08447447062531639
-0.5055183866351731,-0.3242426166993335
-0.3247436903308987,-0.5051966441896941
-0.08506398608275385,-0.594513441380405
0.1700454091036084,-0.5759919032009438
0.3943103984637616,-0.4529916372005202
0.5470517282566052,-0.2478235669215457
0.6005637662783622,0.002297029342821602
0.5451400051553182,0.2520009692233545
0.3908337182425461,0.4559946473314733
0.1656344041108264,0.5772758074656357
-0.0896092070478355,0.5938453533728386
-0.3285986731371405,0.5026977478791477
-0.5079838789195993,0.3203661849634819
-0.595226280040858,0.07992364643196077
-0.5745010445361944,-0.1750161807864654
-0.4495675069158399,-0.3982099577305108
-0.2430872653727705,-0.5491727370544235
0.007486388064603591,-0.6005214964545441
0.2567020913352877,-0.5429421240006604
0.4593547999134321,-0.3868788977273757
0.5786854950280207,-0.1606400060832693
0.5930488737741385,0.09473725257513252
0.4998395739405013,0.3329301939344595
0.3159647586548928,0.5107331837646875
0.07477733908254694,0.5958946746447672
-0.179973884449133,0.5729672893163703
-0.4020797836563799,0.4461098085506501
-0.5512527404984788,0.2383328131063274
-0.6004343871936233,-0.01267518779650968
-0.5407037027165297,-0.2613840461445436
-0.3828951899332299,-0.4626806536221847
-0.1556336134685232,-0.5800519735928698
0.09985822430889842,-0.5922081127003612
0.3372368556674887,-0.4969440782319015
0.5134443534412559,-0.3115397400485861
0.5965185752847795,-0.06962544829636635
0.5713907520631226,0.1849181499123213
0.4426188002826094,0.4059195872911799
0.2335605651252355,0.5532915832801358
-0.01786304110388544,0.6003024449998348
-0.2660464840613079,0.5384249084402346
-0.4659719601245876,0.3788828923135864
-0.5813751411286731,0.150615600081381
-0.591323132929056,-0.1049717398790016
-0.4940114769527925,-0.3415183367685828
-0.3070914595496567,-0.5161171855130579
-0.06446835875224341,-0.5970979353758062
0.1898486080000701,-0.5697715504925587
0.4097290819263583,-0.4390947427765928
0.5552891131640931,-0.2287708777613394
0.6001256797249727,0.02304956062267366
0.536105911323655,0.2706890569529772
0.3748423044566909,0.4692284736669936
0.145586340604371,0.5826548988378001
-0.1100774174720068,0.5903940005394301
-0.3457743175502432,0.4910419890731568
-0.5187514804063964,0.3026202493000602
-0.5976327116584658,0.05930645551713054
-0.5681098055063919,-0.1947648905674298
-0.435537899165133,-0.4135079831164963
-0.2239641086485796,-0.557245180999797
0.02823435908847383,-0.5999041045676493
0.2753114181702828,-0.5337468845204822
0.4724499510937102,-0.3707737280630968
0.5838911511639591,-0.1405462105596775
0.5894207849074747,0.115174875859779
0.4880358363172133,0.3500044802290638
0.2981264431538599,0.5213470414250833
0.05414012401740424,0.5981228642023635
-0.1996666305279049,0.5664056411829707
-0.4172560087005189,0.4319485350288521
-0.5591596407325764,0.2191406166963915
-0.5996377360723496,-0.03341704936533969
-0.5313480041733699,-0.2799132225730593
-0.366677466923253,-0.4756361518650629
-0.135495586281232,-0.585083805799275
0.1202637344278239,-0.5884035587007718
0.3542085089493555,-0.4849932431468846
0.5239036747650542,-0.2936103766523439
0.5985683564090262,-0.04896975001014235
0.5646591847679773,0.2045534618808059
0.4283269183765865,0.4209728788227051
0.2143007620628459,0.5610323494144899
-0.03859724447476427,0.5993265941281213
-0.2844941265560958,0.5289094494006893
-0.4787868380754193,0.3625538268947046
-0.5862327736912095,0.1304348448864844
-0.5873423978730438,-0.1253436132038335
-0.4819144367449638,-0.3583860898068373
-0.2890723869988622,-0.5264211895289109
-0.04379571955419513,-0.5989691550146689
0.2094250197387008,-0.5628705666649335
0.4246583159536931,-0.4246733196253707
0.5628631672150843,-0.2094449061277528
0.5989707019671601,0.04377455762456708
0.5264314022832216,0.2890537880747797
0.358403115879329,0.4819017744709466
0.1253643642483276,0.5873379690492275
-0.1304141328859706,0.5862373816585388
-0.3625369108719967,0.4787996469982496
-0.5288993977401224,0.2845128130337797
-0.5993252300926663,0.03861841898150357
-0.5610399204254896,-0.2142809403545239
-0.4209880115803037,-0.4283120449110915
-0.2045734114657544,-0.5646519574317636
0.04894860223769695,-0.5985700861630444
0.2935918666705623,-0.5239140478505548
0.48498072846711,-0.354225643800347
0.5883993093511319,-0.1202845229668782
0.585088592566028,0.1354749148712068
0.4756491064802723,0.366660662213404
0.2799319952090453,0.531338114357076
0.03343823486811481,0.5996365550557717
-0.2191208611488634,0.5591673827394
-0.431933792880125,0.4172712694140856
-0.5663985865000503,0.1996866418191299
-0.5981247766287512,-0.0541189919812291
-0.5213575740672284,-0.2981080234965058
-0.3500217225791173,-0.4880234701661451
-0.1151957003411406,-0.5894167153493133
0.1405255812836481,-0.5838961163727259
0.3707570359208952,-0.472463050434011
0.5337371572869312,-0.2753302755628676
0.5999031066581548,-0.02825555400542174
0.5572530934243953,0.223944420736934
0.4135233706465845,0.4355232894339248
0.1947849620707743,0.5681029240035169
-0.05928534079506587,0.5976348066144336
-0.3026019213424522,0.5187621718187582
-0.491029772374124,0.3457916661119447
-0.5903901110766032,0.1100982763407987
-0.5826600421178469,-0.1455657550026375
-0.4692417167543064,-0.3748257261284642
-0.2707079976941449,-0.5360963473991274
-0.02307076337124005,-0.6001248649970499
0.2287512589556108,-0.5552971954156452
0.4390802665537659,-0.4097445951239993
0.5697648426835448,-0.1898687382168238
0.5971002127049154,0.06444726292089416
0.5161280348973146,0.3070732246603165
0.3415357902465289,0.4939994106179978
0.1049926315777098,0.5913194238519826
-0.1505950596910538,0.5813804620959534
-0.3788664290372261,0.4659853459700625
-0.5384155085388638,0.2660655067367723
-0.6003018135143257,0.01788425010088345
-0.5532998347551582,-0.2335410168903391
-0.4059352249980334,-0.4426044586490911
-0.1849383373394003,-0.5713842184488445
0.0696043729309157,-0.5965210348170068
0.3115215995890759,-0.5134553599873334
0.4969321631623157,-0.3372544127584994
0.5922045842859995,-0.09987914727762374
0.5800574718500981,0.1556131198232697
0.4626941812263597,0.3828788429379811
0.2614031493339617,0.5406944675401676
0.01269640145835206,0.6004339389976779
-0.2383133369018479,0.5512611605808678
-0.4460956025772677,0.4020955447048418
-0.5729609303846583,0.1799941275792233
-0.5958973161964521,-0.07475628575660841
-0.5107443466507425,-0.3159467139796869
-0.3329478533275778,-0.4998278110257682
-0.09475820525159244,-0.5930455262859228
0.1606195607133179,-0.578691170164631
0.3868626682338454,-0.4593684682662054
0.5429330542388847,-0.2567212736122377
0.600521231581627,-0.007507604807283299
0.5491813251154578,0.24306786265298
0.3982258409437169,0.449553437663342
0.1750364781080293,0.5744948607618664
-0.07990261671756919,0.5952291034147642
-0.3203482374199644,0.5079951973121218
-0.5026861379976043,0.3286164335137738
-0.5938421870607448,0.08963018786753781
-0.5772816590579063,-0.165614008542786
-0.4560084554122936,-0.3908176074625511
-0.2520202291555779,-0.545131101485348
-0.002318247582172916,-0.6005636847482592
0.2478042391351647,-0.5470604836550532
0.4529777057193994,-0.3943264026557795
0.5759858950457165,-0.1700657591011298
0.594516446365722,0.08504298155010957
0.5052081172435831,0.3247258412591351
0.324260476733383,0.5055069306536738
0.08449547802170206,0.5945945071257747
-0.1705960903887401,0.57582904377457
-0.3947433653186754,0.4526143935483549
-0.5472884451568627,0.2473003669791857
-0.6005612953276928,-0.002871282740683519
-0.5448987945575604,-0.2525221126950421
-0.3903975210023016,-0.4563681510639259
-0.1650823417096404,-0.5774339219044126
0.09017699643608706,-0.5937593982616354
0.3290791986325077,-0.5023833145494014
0.5082899783724713,-0.319880308234769
0.5953024303071676,-0.07935445910998846
0.5743334327777697,0.1755654342516259
0.4491865361004848,0.3986396486757267
0.2425620395033429,0.5494049241699948
-0.00806059867206004,0.6005140634983551
-0.2572211310608155,0.5426964192309117
-0.4597245205408667,0.3864394893430652
-0.5788388332174285,0.160086598032892
-0.5929580156294092,-0.09530427803143002
-0.4995210001505486,-0.3334079844857561
-0.315476255074182,-0.5110350733507715
-0.0742075149994464,-0.5959659037460663
0.1805216690829411,-0.5727949377410452
0.4025061666079509,-0.4457251390182423
0.5514803804925325,-0.2378056005271335
0.6004219927869162,0.01324931273869174
0.5404535221209502,0.2619009433685149
0.3824526032143785,0.4630465635384892
0.1550789010905509,0.5802005240835323
-0.1004244434948668,0.5921123583062614
-0.3377118755992857,0.4966213877688572
-0.5137420106192075,0.3110486460912252
-0.5965848779025655,0.06905502999948342
-0.5712136735399543,-0.1854644248130632
-0.4422304607554578,-0.4063426304121543
-0.2330314052019176,-0.5535146591553615
0.01843703751232097,-0.6002850900680673
0.2665612001882996,-0.5381702706991831
0.4663340320081804,-0.3784371603070347
0.5815188928286892,-0.150059624794794
0.5912224894353152,0.1055371105164784
0.4936846939111313,0.34199055061234
0.3065978118843861,0.5164105880575699
0.06389738883326977,0.5971593065594378
-0.1903933323787781,0.5695897582435648
-0.4101487536291724,0.4387027622510427
-0.5555076082639772,0.228239810004947
-0.6001033655639951,-0.02362338563848681
-0.5358468354502943,-0.2712015535504248
-0.3743934604441331,-0.4695866804828756
-0.1450291439224545,-0.5827938410135945
0.1106418973461779,-0.5902884754608518
0.34624369004693,-0.4907111378529577
0.5190406064098305,-0.3021240847863237
0.5976891468255052,-0.05873497660896834
0.5679233131055408,0.1953080237508922
0.4351423069093871,0.4139242520653108
0.2234311727126115,0.5574590790098551
-0.02880796986558724,0.5998768328436043
-0.2758216569713484,0.5334833898593593
-0.4728042660954746,0.3703218055585922
-0.5840252734410669,0.1399878340869134
-0.5893103861233526,-0.1157384228223452
-0.4877009416223085,-0.3504709763318103
-0.29762779883902,-0.5216318692991244
-0.05356817879095305,-0.5981743591389383
0.2002081319617262,-0.5662144625551832
0.417668843813573,-0.4315493605807936
0.5593689256815803,-0.2186058523738404
0.5996055088215484,0.03399040307367249
0.5310801103989715,0.2804211654794885
0.366222499670724,0.4759865485968959
0.1349360717101939,0.5852130981631222
-0.1208263064001439,0.5882882944543067
-0.3546720938260658,0.4846543299830232
-0.5241841832423184,0.2931092897689233
-0.5986149072701382,0.04839738117112084
-0.5644633341880831,-0.2050932911324293
-0.4279241915415726,-0.4213822492746346
-0.2137642092832252,-0.5612370056756562
0.03917029830342986,-0.5992894137568909
0.2849997356410633,-0.5286371765159732
0.4791332903740737,-0.3620958488654171
0.5863572264878584,-0.1298742339947248
0.5872222767707285,0.1259051681800662
0.4815715304179433,0.3588467288427888
0.2885688949617646,0.5266973576645316
0.04322296983995185,0.5990107583244818
-0.2099631365004272,0.5626700587566048
-0.4250641911778308,0.4242670704740061
-0.5630631795072414,0.2089066049541156
-0.5989285712516672,-0.04434726878507048
-0.5261547706181229,-0.2895570255857205
